id,created_at,updated_at,review_id,url
77777777-7777-7777-7777-777777777777,2023-01-01 12:00:00,,55555555-eeee-eeee-eeee-555555555555,review1.png
88888888-8888-8888-8888-888888888888,2023-01-02 12:00:00,,66666666-ffff-ffff-ffff-666666666666,review2.png
99999999-9999-9999-9999-999999999999,2023-01-03 12:00:00,,77777777-gggg-gggg-gggg-777777777777,review3.png
aaaaaaaa-aaaa-aaaa-aaaa-aaaaaaaaaaaa,2023-01-04 12:00:00,,88888888-hhhh-hhhh-hhhh-888888888888,review4.png
bbbbbbbb-bbbb-bbbb-bbbb-bbbbbbbbbbbb,2023-01-05 12:00:00,,99999999-iiii-iiii-iiii-999999999999,review5.png
cccccccc-cccc-cccc-cccc-cccccccccccc,2023-01-06 12:00:00,,aaaaaaaa-jjjj-jjjj-jjjj-aaaaaaaaaaaa,review6.png
dddddddd-dddd-dddd-dddd-dddddddddddd,2023-01-07 12:00:00,,bbbbbbbb-kkkk-kkkk-kkkk-bbbbbbbbbbbb,review7.png
eeeeeeee-eeee-eeee-eeee-eeeeeeeeeeee,2023-01-08 12:00:00,,cccccccc-llll-llll-llll-cccccccccccc,review8.png
ffffffff-ffff-ffff-ffff-ffffffffffff,2023-01-09 12:00:00,,dddddddd-mmmm-mmmm-mmmm-dddddddddddd,review9.png
00000000-0000-0000-0000-000000000000,2023-01-10 12:00:00,,eeeeeeee-nnnn-nnnn-nnnn-eeeeeeeeeeee,review10.png
